candidate_id,anonymized_name,headline,summary,location,country,years_of_experience,current_title,current_company,current_company_size,current_industry,num_jobs,total_career_months,current_tenure_months,has_current_job,num_industries,avg_tenure_months,num_degrees,highest_edu_tier,has_tier1_edu,num_skills,advanced_skills,intermediate_skills,beginner_skills,total_endorsements,avg_skill_duration_months,num_certifications,num_languages,speaks_english,profile_completeness_score,signup_date,last_active_date,open_to_work_flag,profile_views_received_30d,applications_submitted_30d,recruiter_response_rate,avg_response_time_hours,connection_count,endorsements_received,notice_period_days,preferred_work_mode,willing_to_relocate,github_activity_score,search_appearance_30d,saved_by_recruiters_30d,interview_completion_rate,offer_acceptance_rate,verified_email,verified_phone,linkedin_connected,salary_min,salary_max,salary_mid,num_assessments,avg_assessment_score,days_since_active,days_on_platform,github_activity_score_clean,offer_acceptance_rate_clean,github_active,avg_assessment_score_clean,edu_tier_score,company_size_score,activity_score,profile_quality_score,career_progression_score,skill_depth_score,engagement_score,availability_score
CAND_0000001,Ira Vora,"Backend Engineer | SQL, Spark, Cloud","Software / data professional with 6.9 years of experience building data pipelines, backend systems, and analytics infrastructure. I'm a backend/data hybrid — Spark, Airflow, SQL warehouses are home territory; I'm building competence on the ML side. My toolkit is solid on the data engineering side — Python, SQL, Spark, Airflow, warehouse design — and I've completed a couple of self-directed ML projects (Kaggle competitions, side projects fine-tuning small models). Interested in transitioning toward more AI/ML-focused work, ideally at a company where I can leverage my existing data-infra skills while learning modern ML practice.",Toronto,Canada,6.9,Backend Engineer,Mindtree,10001+,IT Services,2,82,27,True,2,41.0,1,tier_3,False,17,7,7,3,292,24.8,0,2,True,86.9,2025-10-16,2026-05-20,True,23,2,0.34,177.8,356,35,60,onsite,False,9.2,249,4,0.71,0.58,True,True,False,18.7,36.1,27.4,4,49.7,33,249,9.2,0.58,1,49.7,2,8,37.03,75.69,66.96,59.33,45.32,61.0
CAND_0000002,Saanvi Sethi,Operations Manager | 12.5+ yrs experience,"Professional with 12.5+ years of experience. My professional background is in marketing manager — I've built and led teams, owned KPIs, and driven business outcomes in this domain. Lately I've been curious about how AI tools could augment my work — I've experimented with ChatGPT and a few other tools for productivity and content creation, and I think the space is exciting. Open to roles where I can apply my domain expertise alongside emerging AI capabilities.","Chennai, Tamil Nadu",India,12.5,Operations Manager,Wipro,10001+,IT Services,4,149,43,True,3,37.2,1,tier_4,False,9,0,6,3,70,20.3,0,2,True,78.7,2025-07-28,2025-11-12,True,7,1,0.29,171.6,179,3,60,flexible,False,-1.0,107,10,0.62,-1.0,False,False,False,8.8,9.0,8.9,0,,222,329,0.0,0.0,0,0.0,1,8,23.99,37.3,75.25,12.08,30.14,61.0
CAND_0000003,Yash Agarwal,Customer Support | 1.1+ yrs experience,"Professional with 1.1+ years of experience. I've spent my career in marketing manager roles, mostly focused on driving outcomes through process, people, and customer relationships. Lately I've been curious about how AI tools could augment my work — I've experimented with ChatGPT and a few other tools for productivity and content creation, and I think the space is exciting. Open to roles where I can apply my domain expertise alongside emerging AI capabilities.",Austin,USA,1.1,Customer Support,TCS,10001+,IT Services,1,13,13,True,1,13.0,2,tier_4,False,6,0,3,3,47,17.7,0,2,True,31.9,2024-08-02,2026-03-21,False,1,9,0.46,119.4,19,46,150,hybrid,False,-1.0,28,4,0.86,-1.0,True,False,False,11.2,18.1,14.7,0,,93,689,0.0,0.0,0,0.0,1,8,29.15,25.23,42.12,9.12,47.66,0.0
CAND_0000004,Anil Bose,Marketing Manager | Driving business outcomes,"Professional with 3.8+ years of experience. My professional background is in marketing manager — I've built and led teams, owned KPIs, and driven business outcomes in this domain. Lately I've been curious about how AI tools could augment my work — I've experimented with ChatGPT and a few other tools for productivity and content creation, and I think the space is exciting. Open to roles where I can apply my domain expertise alongside emerging AI capabilities.",Sydney,Australia,3.8,Marketing Manager,Dunder Mifflin,201-500,Paper Products,3,44,14,True,3,14.7,2,tier_4,False,10,0,5,5,80,13.4,2,2,True,28.5,2025-07-21,2026-03-25,False,3,9,0.26,104.1,485,22,120,onsite,True,-1.0,5,8,0.35,-1.0,True,True,True,4.6,6.7,5.7,0,,89,336,0.0,0.0,0,0.0,1,4,32.7,44.25,42.85,11.35,27.89,32.0
CAND_0000005,Aisha Sethi,Accountant | Helping teams scale,"Professional with 11.0+ years of experience. I've spent my career in marketing manager roles, mostly focused on driving outcomes through process, people, and customer relationships. Lately I've been curious about how AI tools could augment my work — I've experimented with ChatGPT and a few other tools for productivity and content creation, and I think the space is exciting. Open to roles where I can apply my domain expertise alongside emerging AI capabilities.","Gurgaon, Haryana",India,11.0,Accountant,Stark Industries,1001-5000,Manufacturing,4,130,52,True,3,32.5,1,tier_3,False,6,1,2,3,88,24.5,0,2,True,84.6,2023-10-07,2025-10-01,True,12,2,0.37,116.7,300,14,30,hybrid,True,-1.0,67,1,0.74,-1.0,False,True,True,12.4,19.7,16.1,0,,264,989,0.0,0.0,0,0.0,2,6,12.71,54.94,64.81,21.59,41.63,93.0
CAND_0000006,Rajesh Desai,Business Analyst | 6.0+ yrs experience,"Professional with 6.0+ years of experience. I've spent my career in marketing manager roles, mostly focused on driving outcomes through process, people, and customer relationships. Lately I've been curious about how AI tools could augment my work — I've experimented with ChatGPT and a few other tools for productivity and content creation, and I think the space is exciting. Open to roles where I can apply my domain expertise alongside emerging AI capabilities.",Austin,USA,6.0,Business Analyst,Wayne Enterprises,10001+,Conglomerate,2,71,33,True,2,35.5,1,tier_3,False,8,0,4,4,57,17.6,0,2,True,29.7,2026-04-26,2026-02-28,False,53,8,0.12,172.1,389,29,150,remote,True,-1.0,131,9,0.57,-1.0,True,True,False,7.7,11.7,9.7,0,,114,57,0.0,0.0,0,0.0,2,8,42.62,37.9,63.52,10.1,23.49,25.0
CAND_0000007,Vihaan Bose,Civil Engineer | 5.5+ yrs experience,"Professional with 5.5+ years of experience. My professional background is in marketing manager — I've built and led teams, owned KPIs, and driven business outcomes in this domain. Lately I've been curious about how AI tools could augment my work — I've experimented with ChatGPT and a few other tools for productivity and content creation, and I think the space is exciting. Open to roles where I can apply my domain expertise alongside emerging AI capabilities.","Gurgaon, Haryana",India,5.5,Civil Engineer,Wipro,10001+,IT Services,2,65,38,True,2,32.5,1,tier_2,False,7,0,2,5,61,12.4,0,2,True,74.6,2025-09-29,2026-05-25,False,2,1,0.62,61.3,122,50,30,onsite,True,-1.0,104,8,0.47,-1.0,True,True,True,6.7,14.6,10.7,0,,28,266,0.0,0.0,0,0.0,3,8,31.88,56.0,61.65,9.2,46.57,53.0
CAND_0000008,Shaurya Chatterjee,Operations Manager | 3.6+ yrs experience,"Professional with 3.6+ years of experience. I've spent my career in marketing manager roles, mostly focused on driving outcomes through process, people, and customer relationships. Lately I've been curious about how AI tools could augment my work — I've experimented with ChatGPT and a few other tools for productivity and content creation, and I think the space is exciting. Open to roles where I can apply my domain expertise alongside emerging AI capabilities.","Noida, Uttar Pradesh",India,3.6,Operations Manager,Wipro,10001+,IT Services,1,43,43,True,1,43.0,2,tier_2,False,8,0,4,4,55,12.1,1,2,True,63.0,2022-06-26,2025-12-13,False,28,5,0.42,98.4,285,7,90,onsite,False,-1.0,91,0,0.74,-1.0,True,False,False,6.6,17.2,11.9,0,,191,1457,0.0,0.0,0,0.0,3,8,21.67,39.8,60.88,8.52,44.96,14.0
CAND_0000009,Amit Shah,Mechanical Engineer | Driving business outcomes,"Professional with 11.0+ years of experience. My professional background is in marketing manager — I've built and led teams, owned KPIs, and driven business outcomes in this domain. Lately I've been curious about how AI tools could augment my work — I've experimented with ChatGPT and a few other tools for productivity and content creation, and I think the space is exciting. Open to roles where I can apply my domain expertise alongside emerging AI capabilities.",New York,USA,11.0,Mechanical Engineer,Dunder Mifflin,201-500,Paper Products,4,131,44,True,3,32.8,1,tier_3,False,6,0,5,1,36,18.2,0,2,True,39.6,2025-10-19,2026-01-27,False,50,8,0.53,202.0,516,34,150,remote,False,-1.0,74,1,0.54,0.48,True,True,False,16.0,7.3,11.7,0,,146,246,0.0,0.48,0,0.0,2,4,30.21,45.94,57.5,8.15,41.7,0.0
CAND_0000010,Aarav Kapoor,Data Engineer | Data pipelines & analytics,"Software / data professional with 4.6 years of experience building data pipelines, backend systems, and analytics infrastructure. Most of my work has been data pipelines and analytics infrastructure; I've shipped a couple of small ML features but it's not the core of my day. My toolkit is solid on the data engineering side — Python, SQL, Spark, Airflow, warehouse design — and I've completed a couple of self-directed ML projects (Kaggle competitions, side projects fine-tuning small models). Interested in transitioning toward more AI/ML-focused work, ideally at a company where I can leverage my existing data-infra skills while learning modern ML practice.",London,UK,4.6,Data Engineer,Ola,5001-10000,Transportation,1,55,55,True,1,55.0,2,tier_4,False,17,6,6,5,303,22.3,0,2,True,81.6,2026-01-09,2026-04-29,False,60,13,0.4,19.0,712,38,120,hybrid,False,33.7,256,2,0.53,-1.0,True,True,False,13.0,32.0,22.5,4,68.5,54,164,33.7,0.0,1,68.5,1,7,49.78,78.34,60.25,59.97,46.0,7.0
CAND_0000011,Deepak Desai,QA Engineer | Cloud & DevOps,"Software engineer with 2.0 years of experience across web, backend, and cloud systems. Strong fundamentals in software development and system design. Most of my work is conventional backend engineering — APIs, databases, queues, deployments. I've been keeping up with AI/ML at a self-learner level — taken some online courses, played with the OpenAI and Anthropic APIs, built a small RAG side project — but I haven't done it in a professional capacity yet. Open to roles where I can either deepen my software engineering work or, if the team is open to it, start contributing to ML-adjacent systems.","Hyderabad, Telangana",India,2.0,QA Engineer,Pied Piper,11-50,Software,2,23,13,True,1,11.5,2,tier_3,False,10,2,3,5,68,24.0,2,2,True,59.2,2023-07-22,2026-01-19,False,112,0,0.56,184.4,496,9,90,flexible,False,32.3,200,13,0.45,-1.0,True,True,True,15.5,13.9,14.7,1,29.8,154,1066,32.3,0.0,1,29.8,2,2,46.56,69.91,22.33,25.27,31.86,14.0
CAND_0000012,Anjali Krishnan,Operations Manager | Driving business outcomes,"Professional with 1.1+ years of experience. My professional background is in marketing manager — I've built and led teams, owned KPIs, and driven business outcomes in this domain. Lately I've been curious about how AI tools could augment my work — I've experimented with ChatGPT and a few other tools for productivity and content creation, and I think the space is exciting. Open to roles where I can apply my domain expertise alongside emerging AI capabilities.","Chandigarh, Chandigarh",India,1.1,Operations Manager,Stark Industries,1001-5000,Manufacturing,1,13,13,True,1,13.0,2,tier_3,False,10,0,7,3,59,17.4,0,2,True,53.4,2024-01-28,2025-10-28,False,60,1,0.16,38.4,165,31,60,flexible,False,-1.0,61,3,0.42,-1.0,True,False,False,14.8,7.9,11.4,0,,237,876,0.0,0.0,0,0.0,2,6,20.95,35.96,34.62,10.25,33.56,21.0
CAND_0000013,Pari Nair,Civil Engineer | Driving business outcomes,"Professional with 1.1+ years of experience. I'm a marketing manager with substantial experience in cross-functional collaboration, stakeholder management, and execution. Lately I've been curious about how AI tools could augment my work — I've experimented with ChatGPT and a few other tools for productivity and content creation, and I think the space is exciting. Open to roles where I can apply my domain expertise alongside emerging AI capabilities.",Dubai,UAE,1.1,Civil Engineer,Globex Inc,501-1000,Manufacturing,1,13,13,True,1,13.0,2,tier_2,False,10,0,7,3,68,15.8,0,2,True,44.2,2024-06-14,2026-03-26,True,16,3,0.28,80.3,281,9,30,remote,False,35.6,40,12,0.33,0.26,True,False,False,11.6,8.1,9.8,0,,88,738,35.6,0.26,1,0.0,3,5,33.78,47.46,30.88,10.75,35.47,68.0
CAND_0000014,Atharv Joshi,Frontend Engineer | Full-stack development,"Software engineer with 8.4 years of experience across web, backend, and cloud systems. Strong fundamentals in software development and system design. My background is full-stack, but my comfort zone is the backend and the database. I've been keeping up with AI/ML at a self-learner level — taken some online courses, played with the OpenAI and Anthropic APIs, built a small RAG side project — but I haven't done it in a professional capacity yet. Open to roles where I can either deepen my software engineering work or, if the team is open to it, start contributing to ML-adjacent systems.","Hyderabad, Telangana",India,8.4,Frontend Engineer,Zomato,5001-10000,Food Delivery,3,100,33,True,3,33.3,1,tier_3,False,13,5,4,4,155,30.5,0,2,True,61.9,2025-04-29,2026-04-12,False,21,1,0.8,7.7,708,63,90,remote,False,-1.0,12,0,0.55,-1.0,True,True,False,9.0,30.0,19.5,1,77.6,71,419,0.0,0.0,0,77.6,2,7,20.21,59.21,65.73,50.15,59.73,14.0
CAND_0000015,Rahul Agarwal,Software Engineer | Cloud & DevOps,"Software engineer with 5.4 years of experience across web, backend, and cloud systems. Strong fundamentals in software development and system design. I've worked across web frontends, REST APIs, and cloud deployments; comfortable in most parts of a typical SaaS stack. I've been keeping up with AI/ML at a self-learner level — taken some online courses, played with the OpenAI and Anthropic APIs, built a small RAG side project — but I haven't done it in a professional capacity yet. Open to roles where I can either deepen my software engineering work or, if the team is open to it, start contributing to ML-adjacent systems.","Trivandrum, Kerala",India,5.4,Software Engineer,Razorpay,1001-5000,Fintech,3,64,31,True,3,21.3,1,tier_4,False,10,0,9,1,86,22.9,0,2,True,79.4,2023-02-16,2026-02-12,True,93,3,0.32,117.7,361,61,90,remote,False,-1.0,164,8,0.72,-1.0,True,True,False,21.8,18.9,20.4,0,,130,1222,0.0,0.0,0,0.0,1,6,42.06,61.74,54.48,14.32,39.43,54.0
CAND_0000016,Aanya Malhotra,Accountant | Helping teams scale,"Professional with 5.3+ years of experience. I'm a marketing manager with substantial experience in cross-functional collaboration, stakeholder management, and execution. Lately I've been curious about how AI tools could augment my work — I've experimented with ChatGPT and a few other tools for productivity and content creation, and I think the space is exciting. Open to roles where I can apply my domain expertise alongside emerging AI capabilities.","Gurgaon, Haryana",India,5.3,Accountant,Infosys,10001+,IT Services,3,63,18,True,2,21.0,1,tier_3,False,8,1,3,4,48,19.6,0,2,True,69.4,2022-12-12,2025-12-21,True,76,5,0.64,205.6,148,2,60,hybrid,False,42.9,126,5,0.66,-1.0,False,False,True,6.1,8.1,7.1,0,,183,1288,42.9,0.0,1,0.0,2,8,34.51,52.5,57.79,14.7,39.0,61.0
CAND_0000017,Anil Pandey,Accountant | 12.3+ yrs experience,"Professional with 12.3+ years of experience. My professional background is in marketing manager — I've built and led teams, owned KPIs, and driven business outcomes in this domain. Lately I've been curious about how AI tools could augment my work — I've experimented with ChatGPT and a few other tools for productivity and content creation, and I think the space is exciting. Open to roles where I can apply my domain expertise alongside emerging AI capabilities.","Bangalore, Karnataka",India,12.3,Accountant,Wipro,10001+,IT Services,4,146,27,True,3,36.5,1,tier_4,False,8,0,6,2,74,16.6,2,2,True,38.7,2025-08-11,2025-11-04,False,3,4,0.27,197.4,35,23,90,hybrid,False,-1.0,110,2,0.32,0.17,True,False,False,13.8,8.4,11.1,0,,230,315,0.0,0.17,0,0.0,1,8,18.17,24.98,74.81,11.55,21.36,14.0
CAND_0000018,Vivaan Reddy,Frontend Engineer | Full-stack development,"Software engineer with 6.6 years of experience across web, backend, and cloud systems. Strong fundamentals in software development and system design. My background is full-stack, but my comfort zone is the backend and the database. I've been keeping up with AI/ML at a self-learner level — taken some online courses, played with the OpenAI and Anthropic APIs, built a small RAG side project — but I haven't done it in a professional capacity yet. Open to roles where I can either deepen my software engineering work or, if the team is open to it, start contributing to ML-adjacent systems.","Bhubaneswar, Odisha",India,6.6,Frontend Engineer,Acme Corp,201-500,Manufacturing,3,78,33,True,2,26.0,1,tier_3,False,6,1,3,2,85,19.8,0,2,True,34.8,2025-07-09,2026-02-18,False,88,11,0.16,154.6,284,49,120,onsite,False,-1.0,41,16,0.7,0.46,False,False,False,12.3,26.4,19.4,0,,124,348,0.0,0.46,0,0.0,2,4,52.85,29.79,45.92,20.12,39.54,7.0
CAND_0000019,Myra Mishra,Project Manager | 6.5+ yrs experience,"Professional with 6.5+ years of experience. I've spent my career in marketing manager roles, mostly focused on driving outcomes through process, people, and customer relationships. Lately I've been curious about how AI tools could augment my work — I've experimented with ChatGPT and a few other tools for productivity and content creation, and I think the space is exciting. Open to roles where I can apply my domain expertise alongside emerging AI capabilities.","Trivandrum, Kerala",India,6.5,Project Manager,Wayne Enterprises,10001+,Conglomerate,3,77,44,True,2,25.7,2,tier_1,True,8,0,4,4,75,18.8,0,2,True,38.6,2025-07-20,2026-05-21,False,61,9,0.34,100.0,593,25,60,hybrid,False,-1.0,141,0,0.31,-1.0,False,True,False,12.5,7.7,10.1,0,,32,337,0.0,0.0,0,0.0,4,8,40.51,39.19,60.73,12.2,29.5,21.0
CAND_0000020,Aditya Iyengar,Mechanical Engineer | 6.3+ yrs experience,"Professional with 6.3+ years of experience. I'm a marketing manager with substantial experience in cross-functional collaboration, stakeholder management, and execution. Lately I've been curious about how AI tools could augment my work — I've experimented with ChatGPT and a few other tools for productivity and content creation, and I think the space is exciting. Open to roles where I can apply my domain expertise alongside emerging AI capabilities.","Ahmedabad, Gujarat",India,6.3,Mechanical Engineer,Wipro,10001+,IT Services,3,75,36,True,3,25.0,1,tier_1,True,7,1,2,4,95,22.4,1,2,True,73.0,2023-01-26,2025-10-05,False,38,9,0.55,207.8,479,35,30,remote,False,-1.0,31,11,0.71,-1.0,True,False,True,17.2,18.2,17.7,1,53.7,260,1243,0.0,0.0,0,53.7,4,8,31.74,58.82,64.29,28.87,37.8,28.0
CAND_0000021,Rahul Joshi,Project Manager | AI enthusiast | Building with LLMs,"Project Manager with 14.5+ years of experience driving outcomes in my domain. I have built strong functional expertise in the typical responsibilities of the role, including team management, stakeholder communication, and project delivery. Recently I've been excited about how AI and GenAI tools can augment my work. I've been taking online courses on RAG and vector databases, experimenting with LangChain and the OpenAI API for side projects, and exploring how LLMs can streamline workflows in my current function. Open to roles that combine my existing domain experience with emerging AI technologies — I think the most interesting opportunities are at this intersection. Looking for positions where I can contribute both my functional expertise and grow my AI capabilities.","Bhubaneswar, Odisha",India,14.5,Project Manager,Wipro,10001+,IT Services,6,172,30,True,3,28.7,1,tier_4,False,16,4,6,6,80,10.0,0,2,True,58.5,2026-02-10,2025-11-21,False,1,8,0.49,98.7,52,3,60,hybrid,True,6.4,8,3,0.53,-1.0,True,True,True,10.9,24.4,17.6,0,,213,132,6.4,0.0,1,0.0,1,8,19.77,55.41,76.6,20.5,40.73,46.0
CAND_0000022,Shaurya Chatterjee,Mechanical Engineer | Driving business outcomes,"Professional with 1.1+ years of experience. I'm a marketing manager with substantial experience in cross-functional collaboration, stakeholder management, and execution. Lately I've been curious about how AI tools could augment my work — I've experimented with ChatGPT and a few other tools for productivity and content creation, and I think the space is exciting. Open to roles where I can apply my domain expertise alongside emerging AI capabilities.",Sydney,Australia,1.1,Mechanical Engineer,Hooli,1001-5000,Software,1,13,13,True,1,13.0,1,tier_2,False,8,0,6,2,40,18.8,1,2,True,63.1,2022-12-26,2026-05-03,True,39,2,0.27,30.2,538,21,150,remote,False,-1.0,136,5,0.45,-1.0,True,False,False,12.3,8.5,10.4,0,,50,1274,0.0,0.0,0,0.0,3,6,34.58,48.39,34.62,8.7,38.58,40.0
CAND_0000023,Kavya Nair,Software Engineer | Cloud & DevOps,"Software engineer with 3.7 years of experience across web, backend, and cloud systems. Strong fundamentals in software development and system design. Most of my work is conventional backend engineering — APIs, databases, queues, deployments. I've been keeping up with AI/ML at a self-learner level — taken some online courses, played with the OpenAI and Anthropic APIs, built a small RAG side project — but I haven't done it in a professional capacity yet. Open to roles where I can either deepen my software engineering work or, if the team is open to it, start contributing to ML-adjacent systems.",New York,USA,3.7,Software Engineer,Acme Corp,201-500,Manufacturing,2,44,14,True,2,22.0,1,tier_2,False,10,0,3,7,60,13.7,0,2,True,50.7,2025-09-13,2026-04-06,False,10,2,0.57,64.8,763,39,30,flexible,False,48.5,239,14,0.9,-1.0,True,True,False,17.4,20.5,18.9,0,,77,282,48.5,0.0,1,0.0,3,4,42.59,66.13,40.08,9.43,57.62,28.0
CAND_0000024,Rajesh Arora,HR Manager | 7.5+ yrs experience,"Professional with 7.5+ years of experience. I've spent my career in marketing manager roles, mostly focused on driving outcomes through process, people, and customer relationships. Lately I've been curious about how AI tools could augment my work — I've experimented with ChatGPT and a few other tools for productivity and content creation, and I think the space is exciting. Open to roles where I can apply my domain expertise alongside emerging AI capabilities.","Trivandrum, Kerala",India,7.5,HR Manager,TCS,10001+,IT Services,2,89,38,True,1,44.5,1,tier_3,False,6,1,2,3,84,15.7,0,2,True,63.7,2022-08-30,2026-01-20,False,71,4,0.78,238.2,445,41,60,flexible,True,46.3,84,7,0.72,-1.0,False,True,False,9.9,22.1,16.0,1,65.1,153,1392,46.3,0.0,1,65.1,2,8,34.85,64.98,65.15,28.76,45.0,46.0
CAND_0000025,Anika Kumar,Frontend Engineer | Cloud & DevOps,"Software engineer with 7.3 years of experience across web, backend, and cloud systems. Strong fundamentals in software development and system design. I've worked across web frontends, REST APIs, and cloud deployments; comfortable in most parts of a typical SaaS stack. I've been keeping up with AI/ML at a self-learner level — taken some online courses, played with the OpenAI and Anthropic APIs, built a small RAG side project — but I haven't done it in a professional capacity yet. Open to roles where I can either deepen my software engineering work or, if the team is open to it, start contributing to ML-adjacent systems.","Vizag, Andhra Pradesh",India,7.3,Frontend Engineer,Tech Mahindra,10001+,IT Services,3,87,33,True,2,29.0,1,tier_4,False,9,1,4,4,46,21.2,2,2,True,70.7,2023-12-18,2026-03-30,True,107,11,0.74,128.0,276,52,120,hybrid,False,-1.0,74,9,0.7,-1.0,True,True,True,18.8,30.7,24.8,1,40.0,84,917,0.0,0.0,0,40.0,1,8,51.73,59.36,62.79,20.34,50.4,47.0
CAND_0000026,Neha Rao,Graphic Designer | 6.8+ yrs experience,"Professional with 6.8+ years of experience. My professional background is in marketing manager — I've built and led teams, owned KPIs, and driven business outcomes in this domain. Lately I've been curious about how AI tools could augment my work — I've experimented with ChatGPT and a few other tools for productivity and content creation, and I think the space is exciting. Open to roles where I can apply my domain expertise alongside emerging AI capabilities.","Kochi, Kerala",India,6.8,Graphic Designer,Initech,51-200,Software,3,80,43,True,2,26.7,2,tier_4,False,8,0,4,4,75,16.6,0,2,True,80.3,2023-12-08,2025-10-03,False,75,7,0.59,45.4,321,8,30,hybrid,False,-1.0,154,11,0.49,-1.0,True,False,True,17.1,8.0,12.6,0,,262,927,0.0,0.0,0,0.0,1,3,39.18,52.95,42.6,11.65,47.86,28.0
CAND_0000027,Avni Pandey,DevOps Engineer | Cloud & DevOps,"Software engineer with 3.9 years of experience across web, backend, and cloud systems. Strong fundamentals in software development and system design. I've worked across web frontends, REST APIs, and cloud deployments; comfortable in most parts of a typical SaaS stack. I've been keeping up with AI/ML at a self-learner level — taken some online courses, played with the OpenAI and Anthropic APIs, built a small RAG side project — but I haven't done it in a professional capacity yet. Open to roles where I can either deepen my software engineering work or, if the team is open to it, start contributing to ML-adjacent systems.","Kolkata, West Bengal",India,3.9,DevOps Engineer,Infosys,10001+,IT Services,2,46,36,True,1,23.0,2,tier_1,True,16,4,9,3,179,21.8,0,2,True,31.0,2023-03-07,2026-05-07,True,89,5,0.58,112.3,282,24,90,hybrid,False,38.6,136,6,0.61,0.65,False,True,True,17.9,20.2,19.0,3,48.6,46,1203,38.6,0.65,1,48.6,4,8,45.04,49.46,51.71,40.64,57.47,54.0
CAND_0000028,Rohan Krishnan,Operations Manager | Driving business outcomes,"Professional with 1.1+ years of experience. My professional background is in marketing manager — I've built and led teams, owned KPIs, and driven business outcomes in this domain. Lately I've been curious about how AI tools could augment my work — I've experimented with ChatGPT and a few other tools for productivity and content creation, and I think the space is exciting. Open to roles where I can apply my domain expertise alongside emerging AI capabilities.",Dubai,UAE,1.1,Operations Manager,Wipro,10001+,IT Services,1,13,13,True,1,13.0,1,tier_3,False,10,0,5,5,81,17.4,1,2,True,51.2,2025-09-23,2026-03-31,False,6,7,0.14,13.2,524,1,60,remote,True,-1.0,68,4,0.86,0.49,True,True,False,12.9,17.2,15.1,0,,83,272,0.0,0.49,0,0.0,2,8,29.92,45.63,42.12,12.45,58.48,46.0
CAND_0000029,Priya Sethi,Business Analyst | Driving business outcomes,"Professional with 7.2+ years of experience. I'm a marketing manager with substantial experience in cross-functional collaboration, stakeholder management, and execution. Lately I've been curious about how AI tools could augment my work — I've experimented with ChatGPT and a few other tools for productivity and content creation, and I think the space is exciting. Open to roles where I can apply my domain expertise alongside emerging AI capabilities.","Noida, Uttar Pradesh",India,7.2,Business Analyst,Wipro,10001+,IT Services,3,85,16,True,2,28.3,1,tier_3,False,8,0,2,6,55,12.9,0,2,True,40.5,2025-06-17,2025-09-29,False,51,8,0.12,48.4,297,4,60,onsite,False,42.5,150,8,0.67,-1.0,True,False,True,17.5,19.1,18.3,0,,266,370,42.5,0.0,1,0.0,2,8,33.8,50.71,62.35,8.72,38.86,21.0
CAND_0000030,Ritu Pillai,Marketing Manager | Driving business outcomes,"Professional with 10.0+ years of experience. I've spent my career in marketing manager roles, mostly focused on driving outcomes through process, people, and customer relationships. Lately I've been curious about how AI tools could augment my work — I've experimented with ChatGPT and a few other tools for productivity and content creation, and I think the space is exciting. Open to roles where I can apply my domain expertise alongside emerging AI capabilities.","Kochi, Kerala",India,10.0,Marketing Manager,Dunder Mifflin,201-500,Paper Products,3,118,51,True,2,39.3,2,tier_4,False,9,0,6,3,60,16.6,0,2,True,59.7,2025-09-25,2025-10-27,False,58,0,0.66,131.1,552,45,60,flexible,False,21.7,54,1,0.73,-1.0,True,True,False,14.7,14.2,14.4,0,,238,270,21.7,0.0,1,0.0,1,4,17.37,70.63,54.23,10.15,48.59,21.0
CAND_0000031,Ela Singh,"Recommendation Systems Engineer | Search, Ranking & Retrieval","Machine learning engineer with 6.0 years of experience building ML-powered features in production. Strong background in NLP, recommendation systems, and applied AI; comfortable across the ML stack from feature engineering through deployment. Recently, I led the team that migrated our keyword-search-based product to embedding-based retrieval. I've learned that most retrieval problems are actually evaluation problems in disguise. My academic background is in CS/ML but my main learning has come from shipping real systems and seeing what holds up under production load. Open to senior IC roles in applied ML or AI engineering, ideally at product companies where I'd own a meaningful piece of the ML stack.","Hyderabad, Telangana",India,6.0,Recommendation Systems Engineer,Swiggy,5001-10000,Food Delivery,4,70,14,True,3,17.5,1,tier_2,False,17,6,5,1,431,39.8,0,2,True,83.4,2026-01-28,2026-05-24,True,194,2,0.91,76.1,832,177,60,flexible,True,32.6,778,13,0.6,0.38,False,True,False,27.3,60.2,43.8,4,63.6,29,145,32.6,0.38,1,63.6,3,7,77.66,83.36,59.19,63.61,65.29,86.0
CAND_0000032,Pranav Agarwal,.NET Developer | Full-stack development,"Software engineer with 8.1 years of experience across web, backend, and cloud systems. Strong fundamentals in software development and system design. Most of my work is conventional backend engineering — APIs, databases, queues, deployments. I've been keeping up with AI/ML at a self-learner level — taken some online courses, played with the OpenAI and Anthropic APIs, built a small RAG side project — but I haven't done it in a professional capacity yet. Open to roles where I can either deepen my software engineering work or, if the team is open to it, start contributing to ML-adjacent systems.","Gurgaon, Haryana",India,8.1,.NET Developer,Cognizant,10001+,IT Services,3,95,28,True,2,31.7,2,tier_3,False,10,3,3,4,167,21.2,0,2,True,35.4,2023-12-20,2025-12-29,False,80,3,0.69,58.6,404,22,150,flexible,True,-1.0,56,4,0.78,0.25,True,False,False,18.3,15.7,17.0,0,,175,915,0.0,0.25,0,0.0,2,8,29.65,34.58,64.48,34.0,63.24,25.0
CAND_0000033,Shreya Nair,Graphic Designer | Helping teams scale,"Professional with 8.6+ years of experience. I'm a marketing manager with substantial experience in cross-functional collaboration, stakeholder management, and execution. Lately I've been curious about how AI tools could augment my work — I've experimented with ChatGPT and a few other tools for productivity and content creation, and I think the space is exciting. Open to roles where I can apply my domain expertise alongside emerging AI capabilities.","Pune, Maharashtra",India,8.6,Graphic Designer,Wipro,10001+,IT Services,3,102,31,True,3,34.0,1,tier_4,False,10,0,8,2,77,18.2,1,2,True,74.0,2026-03-13,2026-03-27,True,42,9,0.08,210.9,410,29,30,remote,False,38.3,98,2,0.37,-1.0,False,True,False,8.3,13.0,10.7,0,,87,101,38.3,0.0,1,0.0,1,8,35.4,66.25,69.92,12.25,13.5,68.0
CAND_0000034,Yash Chatterjee,Business Analyst | Driving business outcomes,"Professional with 14.5+ years of experience. I'm a marketing manager with substantial experience in cross-functional collaboration, stakeholder management, and execution. Lately I've been curious about how AI tools could augment my work — I've experimented with ChatGPT and a few other tools for productivity and content creation, and I think the space is exciting. Open to roles where I can apply my domain expertise alongside emerging AI capabilities.","Ahmedabad, Gujarat",India,14.5,Business Analyst,Wipro,10001+,IT Services,7,170,14,True,3,24.3,1,tier_4,False,10,0,5,5,80,12.7,0,2,True,41.2,2024-01-15,2026-01-03,False,25,7,0.15,253.5,226,27,90,hybrid,False,-1.0,143,2,0.41,-1.0,True,True,False,14.4,28.0,21.2,0,,170,889,0.0,0.0,0,0.0,1,8,28.53,37.31,77.19,11.18,16.8,14.0
CAND_0000035,Vikram Verma,Full Stack Developer | Backend systems & APIs,"Software engineer with 4.3 years of experience across web, backend, and cloud systems. Strong fundamentals in software development and system design. My background is full-stack, but my comfort zone is the backend and the database. I've been keeping up with AI/ML at a self-learner level — taken some online courses, played with the OpenAI and Anthropic APIs, built a small RAG side project — but I haven't done it in a professional capacity yet. Open to roles where I can either deepen my software engineering work or, if the team is open to it, start contributing to ML-adjacent systems.","Hyderabad, Telangana",India,4.3,Full Stack Developer,Globex Inc,501-1000,Manufacturing,2,51,33,True,2,25.5,2,tier_4,False,14,1,8,5,147,21.9,2,2,True,56.2,2024-08-13,2026-02-06,False,7,4,0.34,178.0,398,45,60,onsite,False,-1.0,173,1,0.5,-1.0,True,True,False,11.2,22.8,17.0,0,,136,678,0.0,0.0,0,0.0,1,5,25.34,51.17,46.02,23.03,27.4,21.0
CAND_0000036,Ananya Bose,Project Manager | 11.3+ yrs experience,"Professional with 11.3+ years of experience. I'm a marketing manager with substantial experience in cross-functional collaboration, stakeholder management, and execution. Lately I've been curious about how AI tools could augment my work — I've experimented with ChatGPT and a few other tools for productivity and content creation, and I think the space is exciting. Open to roles where I can apply my domain expertise alongside emerging AI capabilities.","Trivandrum, Kerala",India,11.3,Project Manager,Initech,51-200,Software,5,134,16,True,4,26.8,1,tier_3,False,9,1,1,7,90,14.9,0,2,True,81.8,2025-09-05,2025-12-12,True,70,4,0.4,236.6,324,3,60,remote,False,-1.0,175,0,0.78,0.46,True,False,False,15.3,9.7,12.5,0,,192,290,0.0,0.46,0,0.0,2,3,29.23,47.89,57.33,17.17,44.6,61.0
CAND_0000037,Ved Sen,Business Analyst | 14.3+ yrs experience,"Professional with 14.3+ years of experience. I've spent my career in marketing manager roles, mostly focused on driving outcomes through process, people, and customer relationships. Lately I've been curious about how AI tools could augment my work — I've experimented with ChatGPT and a few other tools for productivity and content creation, and I think the space is exciting. Open to roles where I can apply my domain expertise alongside emerging AI capabilities.",Dubai,UAE,14.3,Business Analyst,Stark Industries,1001-5000,Manufacturing,5,170,51,True,2,34.0,2,tier_4,False,8,0,6,2,60,24.0,1,2,True,25.6,2025-04-11,2025-12-11,False,80,6,0.78,107.1,503,13,30,onsite,False,-1.0,178,1,0.82,0.19,True,True,True,8.8,14.2,11.5,0,,193,437,0.0,0.19,0,0.0,1,6,33.54,42.19,65.08,12.0,61.09,28.0
CAND_0000038,Myra Trivedi,Java Developer | Cloud & DevOps,"Software engineer with 6.7 years of experience across web, backend, and cloud systems. Strong fundamentals in software development and system design. My background is full-stack, but my comfort zone is the backend and the database. I've been keeping up with AI/ML at a self-learner level — taken some online courses, played with the OpenAI and Anthropic APIs, built a small RAG side project — but I haven't done it in a professional capacity yet. Open to roles where I can either deepen my software engineering work or, if the team is open to it, start contributing to ML-adjacent systems.","Coimbatore, Tamil Nadu",India,6.7,Java Developer,Swiggy,5001-10000,Food Delivery,3,79,31,True,3,26.3,1,tier_3,False,11,1,6,4,135,18.9,0,2,True,35.8,2026-03-25,2026-03-31,True,102,9,0.2,61.0,316,51,90,flexible,True,37.8,300,18,0.75,-1.0,True,True,False,9.2,15.9,12.6,0,,83,89,37.8,0.0,1,0.0,2,7,67.2,56.45,61.35,21.86,42.4,79.0
CAND_0000039,Sai Saxena,Marketing Manager | Helping teams scale,"Professional with 3.9+ years of experience. My professional background is in marketing manager — I've built and led teams, owned KPIs, and driven business outcomes in this domain. Lately I've been curious about how AI tools could augment my work — I've experimented with ChatGPT and a few other tools for productivity and content creation, and I think the space is exciting. Open to roles where I can apply my domain expertise alongside emerging AI capabilities.","Bhubaneswar, Odisha",India,3.9,Marketing Manager,Acme Corp,201-500,Manufacturing,2,46,22,True,1,23.0,2,tier_3,False,9,0,7,2,94,18.0,0,2,True,28.3,2025-04-14,2026-04-18,False,22,0,0.52,40.1,102,9,30,hybrid,True,-1.0,146,6,0.74,-1.0,False,True,True,17.4,16.0,16.7,0,,65,434,0.0,0.0,0,0.0,2,4,31.03,25.73,36.71,13.9,53.79,53.0
CAND_0000040,Dev Vora,Customer Support | Helping teams scale,"Professional with 1.6+ years of experience. I've spent my career in marketing manager roles, mostly focused on driving outcomes through process, people, and customer relationships. Lately I've been curious about how AI tools could augment my work — I've experimented with ChatGPT and a few other tools for productivity and content creation, and I think the space is exciting. Open to roles where I can apply my domain expertise alongside emerging AI capabilities.","Kochi, Kerala",India,1.6,Customer Support,Globex Inc,501-1000,Manufacturing,1,19,19,True,1,19.0,1,tier_4,False,9,0,6,3,90,17.7,0,2,True,39.5,2024-10-03,2026-01-31,False,52,6,0.46,268.3,176,35,90,remote,False,-1.0,95,1,0.8,0.44,True,False,False,7.6,8.2,7.9,0,,142,627,0.0,0.44,0,0.0,1,5,29.52,31.33,34.62,13.42,46.6,14.0
CAND_0000041,Anjali Khanna,Operations Manager | Helping teams scale,"Professional with 13.7+ years of experience. I've spent my career in marketing manager roles, mostly focused on driving outcomes through process, people, and customer relationships. Lately I've been curious about how AI tools could augment my work — I've experimented with ChatGPT and a few other tools for productivity and content creation, and I think the space is exciting. Open to roles where I can apply my domain expertise alongside emerging AI capabilities.","Delhi, Delhi",India,13.7,Operations Manager,Hooli,1001-5000,Software,5,162,42,True,5,32.4,1,tier_4,False,9,0,4,5,77,13.8,0,2,True,75.9,2025-08-18,2026-03-16,True,3,9,0.07,135.3,143,19,90,remote,True,-1.0,150,6,0.85,0.16,True,True,True,5.4,9.3,7.4,0,,98,308,0.0,0.16,0,0.0,1,6,36.01,52.5,76.08,11.15,37.27,79.0
CAND_0000042,Riya Mukherjee,HR Manager | 5.0+ yrs experience,"Professional with 5.0+ years of experience. I'm a marketing manager with substantial experience in cross-functional collaboration, stakeholder management, and execution. Lately I've been curious about how AI tools could augment my work — I've experimented with ChatGPT and a few other tools for productivity and content creation, and I think the space is exciting. Open to roles where I can apply my domain expertise alongside emerging AI capabilities.",Berlin,Germany,5.0,HR Manager,Wayne Enterprises,10001+,Conglomerate,3,59,26,True,2,19.7,2,tier_3,False,10,0,4,6,76,17.0,2,2,True,58.6,2025-05-02,2025-10-23,False,57,8,0.58,24.8,591,29,30,flexible,True,-1.0,34,9,0.35,-1.0,True,True,False,10.5,18.8,14.7,0,,242,416,0.0,0.0,0,0.0,2,8,32.22,52.79,56.98,11.85,45.42,53.0
CAND_0000043,Aarav Sen,Cloud Engineer | Full-stack development,"Software engineer with 8.3 years of experience across web, backend, and cloud systems. Strong fundamentals in software development and system design. I've worked across web frontends, REST APIs, and cloud deployments; comfortable in most parts of a typical SaaS stack. I've been keeping up with AI/ML at a self-learner level — taken some online courses, played with the OpenAI and Anthropic APIs, built a small RAG side project — but I haven't done it in a professional capacity yet. Open to roles where I can either deepen my software engineering work or, if the team is open to it, start contributing to ML-adjacent systems.","Chandigarh, Chandigarh",India,8.3,Cloud Engineer,Swiggy,5001-10000,Food Delivery,4,99,30,True,3,24.8,2,tier_4,False,17,6,10,1,247,28.0,0,2,True,57.0,2024-09-30,2026-01-01,False,38,8,0.04,223.5,102,39,120,remote,True,-1.0,167,2,0.72,-1.0,True,True,False,6.3,21.2,13.8,0,,172,630,0.0,0.0,0,0.0,1,7,32.01,41.71,63.75,45.82,22.8,32.0
CAND_0000044,Vihaan Naidu,Frontend Engineer | Backend systems & APIs,"Software engineer with 5.7 years of experience across web, backend, and cloud systems. Strong fundamentals in software development and system design. I've spent most of my career on web and API development — Python/Django and Node.js mostly. I've been keeping up with AI/ML at a self-learner level — taken some online courses, played with the OpenAI and Anthropic APIs, built a small RAG side project — but I haven't done it in a professional capacity yet. Open to roles where I can either deepen my software engineering work or, if the team is open to it, start contributing to ML-adjacent systems.","Indore, Madhya Pradesh",India,5.7,Frontend Engineer,Tech Mahindra,10001+,IT Services,2,68,50,True,2,34.0,2,tier_3,False,6,0,2,4,37,13.5,0,2,True,30.6,2023-02-16,2025-12-11,False,78,7,0.66,179.1,58,38,90,remote,False,6.5,288,18,0.66,-1.0,True,False,False,8.8,12.3,10.6,0,,193,1222,6.5,0.0,1,0.0,2,8,55.69,39.68,62.58,7.08,41.69,14.0
CAND_0000045,Vikram Mittal,Project Manager | 12.2+ yrs experience,"Professional with 12.2+ years of experience. My professional background is in marketing manager — I've built and led teams, owned KPIs, and driven business outcomes in this domain. Lately I've been curious about how AI tools could augment my work — I've experimented with ChatGPT and a few other tools for productivity and content creation, and I think the space is exciting. Open to roles where I can apply my domain expertise alongside emerging AI capabilities.","Indore, Madhya Pradesh",India,12.2,Project Manager,Initech,51-200,Software,7,143,15,True,4,20.4,2,tier_4,False,6,0,5,1,36,20.2,2,2,True,25.4,2023-04-15,2026-04-24,True,37,0,0.62,20.8,490,2,60,hybrid,True,-1.0,23,6,0.33,-1.0,True,True,True,9.7,12.3,11.0,0,,59,1164,0.0,0.0,0,0.0,1,3,28.31,40.16,60.0,8.65,46.42,86.0
CAND_0000046,Dev Nair,Mechanical Engineer | 7.8+ yrs experience,"Professional with 7.8+ years of experience. I've spent my career in marketing manager roles, mostly focused on driving outcomes through process, people, and customer relationships. Lately I've been curious about how AI tools could augment my work — I've experimented with ChatGPT and a few other tools for productivity and content creation, and I think the space is exciting. Open to roles where I can apply my domain expertise alongside emerging AI capabilities.",London,UK,7.8,Mechanical Engineer,Hooli,1001-5000,Software,3,93,30,True,1,31.0,2,tier_3,False,6,0,3,3,30,20.5,0,2,True,74.8,2023-02-12,2026-02-20,False,80,6,0.41,209.8,301,29,30,remote,True,20.9,166,7,0.4,0.34,True,True,True,7.6,28.0,17.8,0,,122,1226,20.9,0.34,1,0.0,2,6,42.96,73.3,52.54,8.12,31.1,53.0
CAND_0000047,Avni Bansal,Project Manager | Helping teams scale,"Professional with 2.4+ years of experience. My professional background is in marketing manager — I've built and led teams, owned KPIs, and driven business outcomes in this domain. Lately I've been curious about how AI tools could augment my work — I've experimented with ChatGPT and a few other tools for productivity and content creation, and I think the space is exciting. Open to roles where I can apply my domain expertise alongside emerging AI capabilities.","Kochi, Kerala",India,2.4,Project Manager,TCS,10001+,IT Services,1,28,28,True,1,28.0,1,tier_3,False,7,0,5,2,55,13.6,0,2,True,79.7,2025-06-07,2026-03-22,False,34,5,0.39,109.1,444,48,90,remote,False,-1.0,14,4,0.54,0.21,True,True,False,13.3,19.2,16.2,0,,92,380,0.0,0.21,0,0.0,2,8,28.77,62.4,51.5,8.9,41.19,14.0
CAND_0000048,Vihaan Saxena,Mobile Developer | Full-stack development,"Software engineer with 9.7 years of experience across web, backend, and cloud systems. Strong fundamentals in software development and system design. I've worked across web frontends, REST APIs, and cloud deployments; comfortable in most parts of a typical SaaS stack. I've been keeping up with AI/ML at a self-learner level — taken some online courses, played with the OpenAI and Anthropic APIs, built a small RAG side project — but I haven't done it in a professional capacity yet. Open to roles where I can either deepen my software engineering work or, if the team is open to it, start contributing to ML-adjacent systems.","Hyderabad, Telangana",India,9.7,Mobile Developer,CRED,1001-5000,Fintech,4,114,28,True,4,28.5,2,tier_3,False,5,0,4,1,29,24.4,2,2,True,62.2,2026-03-28,2026-04-06,True,58,3,0.65,97.9,225,48,120,flexible,False,-1.0,131,5,0.42,0.4,False,True,False,12.6,26.6,19.6,0,,77,86,0.0,0.4,0,0.0,2,6,36.27,43.83,66.31,9.0,50.31,47.0
CAND_0000049,Tanya Chowdary,Mechanical Engineer | Helping teams scale,"Professional with 11.8+ years of experience. I've spent my career in marketing manager roles, mostly focused on driving outcomes through process, people, and customer relationships. Lately I've been curious about how AI tools could augment my work — I've experimented with ChatGPT and a few other tools for productivity and content creation, and I think the space is exciting. Open to roles where I can apply my domain expertise alongside emerging AI capabilities.",Berlin,Germany,11.8,Mechanical Engineer,Wayne Enterprises,10001+,Conglomerate,3,141,49,True,2,47.0,1,tier_3,False,6,0,3,3,36,11.3,0,2,True,64.0,2025-09-12,2026-05-13,False,6,2,0.59,109.3,514,12,120,onsite,False,-1.0,100,6,0.56,-1.0,True,False,True,12.9,18.8,15.9,0,,40,283,0.0,0.0,0,0.0,2,8,30.56,52.4,74.04,6.42,43.57,7.0
CAND_0000050,Naina Bose,Business Analyst | Helping teams scale,"Professional with 13.5+ years of experience. I'm a marketing manager with substantial experience in cross-functional collaboration, stakeholder management, and execution. Lately I've been curious about how AI tools could augment my work — I've experimented with ChatGPT and a few other tools for productivity and content creation, and I think the space is exciting. Open to roles where I can apply my domain expertise alongside emerging AI capabilities.","Gurgaon, Haryana",India,13.5,Business Analyst,Infosys,10001+,IT Services,4,160,45,True,3,40.0,2,tier_3,True,7,1,2,4,38,19.6,0,2,True,42.5,2023-01-23,2025-10-22,False,34,2,0.42,108.7,245,22,90,onsite,False,44.7,87,2,0.58,-1.0,True,True,False,7.6,22.9,15.2,1,60.8,243,1246,44.7,0.0,1,60.8,2,8,18.41,52.65,77.0,23.53,39.13,14.0
